replication,tau_pooled,tau_within_length,tau_score_length,tau_cvss_length
1,0.21839080459770116,0.18518518518518517,-0.19377278632539327,-0.2214546129433066
2,0.05747126436781609,0.14074074074074075,-0.3155728234442119,-0.03321819194149599
3,-0.17701149425287357,-0.08148148148148149,-0.24360007423763727,0.3155728234442119
4,-0.06666666666666667,-0.022222222222222223,-0.35432738070929054,0.038754557265078655
5,0.07586206896551724,0.05185185185185185,-0.40415466862153454,0.02214546129433066
6,0.07586206896551724,-0.022222222222222223,-0.35432738070929054,-0.1107273064716533
7,0.029885057471264367,-0.037037037037037035,-0.4263001299158652,-0.1439454984131493
8,-0.25057471264367814,-0.28888888888888886,-0.18270005567822795,-0.08858184517732264
9,-0.07586206896551724,-0.0962962962962963,-0.06090001855940932,-0.17162732503106262
10,-0.029885057471264367,-0.1259259259259259,-0.2214546129433066,0.12180003711881864
11,-0.20919540229885059,-0.18518518518518517,-0.17162732503106262,0.21038188229614127
12,0.06206896551724138,0.06666666666666667,-0.37647284200362124,-0.027681826617913324
13,-0.09425287356321839,-0.14074074074074075,-0.4927365137988572,-0.03321819194149599
14,-0.06206896551724138,-0.037037037037037035,-0.5923910896233452,0.1439454984131493
15,0.06666666666666667,0.05185185185185185,-0.3930819379743692,-0.09965457582448797
16,0.25057471264367814,0.2,-0.5425638017111012,-0.10519094114807064
17,0.2827586206896552,0.25925925925925924,-0.17162732503106262,0.14948186373673195
18,0.07586206896551724,0.05185185185185185,-0.34325465006212524,-0.14948186373673195
19,-0.135632183908046,-0.18518518518518517,-0.3930819379743692,0.0
20,-0.04367816091954023,-0.037037037037037035,-0.26020917020838524,-0.15501822906031462
21,0.09425287356321839,0.08148148148148149,-0.2214546129433066,-0.09411821050090531
22,0.21839080459770116,0.2740740740740741,-0.34325465006212524,0.11626367179523596
23,0.04367816091954023,0.18518518518518517,-0.26574553553196795,0.2048455169725586
24,-0.12643678160919541,-0.05185185185185185,-0.2048455169725586,0.005536365323582665
25,0.08505747126436781,0.007407407407407408,-0.3820092073272039,-0.10519094114807064
26,0.02528735632183908,-0.1259259259259259,-0.37647284200362124,-0.26574553553196795
27,-0.09885057471264368,-0.08148148148148149,-0.3155728234442119,0.10519094114807064
28,-0.08045977011494253,-0.0962962962962963,-0.22699097826688927,-0.08858184517732264
29,0.029885057471264367,0.007407407407407408,-0.1107273064716533,0.09965457582448797
30,0.14022988505747128,0.18518518518518517,-0.4429092258866132,0.08858184517732264
31,0.07126436781609195,0.06666666666666667,-0.33771828473854254,0.13287276776598397
32,-0.08045977011494253,0.022222222222222223,-0.5370274363875185,0.2214546129433066
33,-0.09885057471264368,-0.08148148148148149,-0.09411821050090531,-0.2380637089140546
34,0.08045977011494253,0.022222222222222223,-0.46505468718094384,-0.05536365323582665
35,-0.0896551724137931,-0.17037037037037037,0.005536365323582665,0.06090001855940932
36,0.0022988505747126436,0.1111111111111111,-0.31003645812062924,0.21591824761972395
37,0.11264367816091954,0.24444444444444444,-0.40415466862153454,0.17162732503106262
38,0.19540229885057472,0.25925925925925924,-0.4429092258866132,-0.06090001855940932
39,-0.07126436781609195,-0.037037037037037035,-0.1439454984131493,0.005536365323582665
40,0.08505747126436781,0.18518518518518517,-0.32664555409137724,0.19377278632539327
41,0.09425287356321839,-0.05185185185185185,-0.5148819750931879,-0.14948186373673195
42,0.06666666666666667,0.037037037037037035,-0.19930915164897595,-0.1107273064716533
43,0.05747126436781609,0.08148148148148149,-0.22699097826688927,0.0
44,0.034482758620689655,0.05185185185185185,-0.48720014847527454,-0.07750911453015731
45,0.011494252873563218,0.007407407407407408,-0.4595183218573612,0.038754557265078655
46,0.0896551724137931,0.06666666666666667,-0.37093647668003854,-0.04429092258866132
47,0.11724137931034483,0.05185185185185185,-0.40415466862153454,-0.1273364024424013
48,0.08505747126436781,0.15555555555555556,-0.3155728234442119,0.10519094114807064
49,0.11264367816091954,0.1111111111111111,-0.08304547985373997,0.05536365323582665
50,-0.0022988505747126436,-0.08148148148148149,-0.4429092258866132,-0.2380637089140546
51,-0.1724137931034483,-0.1111111111111111,-0.21038188229614127,0.12180003711881864
52,-0.14022988505747128,-0.17037037037037037,0.27681826617913324,-0.038754557265078655
53,0.09425287356321839,0.21481481481481482,-0.37647284200362124,-0.01107273064716533
54,-0.04827586206896552,-0.05185185185185185,-0.24913643956121992,0.02214546129433066
55,-0.06206896551724138,-0.007407407407407408,-0.27681826617913324,0.06090001855940932
56,-0.029885057471264367,-0.14074074074074075,-0.24913643956121992,-0.15501822906031462
57,-0.18620689655172415,-0.08148148148148149,-0.14948186373673195,0.15501822906031462
58,-0.04827586206896552,-0.2,-0.3930819379743692,-0.17716369035464527
59,0.06206896551724138,-0.1259259259259259,-0.6975820307714158,-0.24360007423763727
60,0.11724137931034483,0.1111111111111111,-0.5536365323582665,-0.18823642100181062
61,0.0022988505747126436,0.022222222222222223,-0.37647284200362124,-0.14948186373673195
62,-0.016091954022988506,0.022222222222222223,-0.33771828473854254,0.0
63,0.016091954022988506,-0.037037037037037035,-0.3986183032979519,-0.09965457582448797
64,-0.052873563218390804,-0.037037037037037035,-0.46505468718094384,0.09411821050090531
65,-0.05747126436781609,-0.22962962962962963,-0.3321819194149599,-0.2712819008555506
66,0.02528735632183908,-0.05185185185185185,-0.32664555409137724,-0.1439454984131493
67,0.09885057471264368,0.037037037037037035,-0.19930915164897595,-0.1273364024424013
68,-0.10804597701149425,-0.2,-0.06090001855940932,0.04982728791224399
69,-0.020689655172413793,0.007407407407407408,-0.27681826617913324,-0.04982728791224399
70,-0.05747126436781609,-0.022222222222222223,-0.27681826617913324,0.1273364024424013
71,0.14022988505747128,0.25925925925925924,-0.24360007423763727,0.21591824761972395
72,0.06666666666666667,-0.037037037037037035,-0.35432738070929054,-0.19377278632539327
73,-0.35172413793103446,-0.2740740740740741,-0.4263001299158652,0.32664555409137724
74,-0.17701149425287357,-0.08148148148148149,-0.42076376459228254,0.06090001855940932
75,-0.011494252873563218,-0.05185185185185185,-0.26574553553196795,-0.06090001855940932
76,-0.08045977011494253,-0.1111111111111111,-0.09965457582448797,-0.12180003711881864
77,-0.2045977011494253,-0.2740740740740741,-0.2546728048848026,0.04429092258866132
78,-0.05747126436781609,-0.08148148148148149,-0.32664555409137724,-0.06643638388299199
79,-0.3103448275862069,-0.28888888888888886,-0.43737286056303054,0.3155728234442119
80,0.14482758620689656,0.06666666666666667,-0.29342736214988124,0.05536365323582665
81,-0.14942528735632185,0.007407407407407408,-0.3654001113564559,0.33771828473854254
82,-0.06206896551724138,-0.1259259259259259,-0.2823546315027159,-0.07750911453015731
83,-0.14482758620689656,-0.15555555555555556,-0.33771828473854254,0.04429092258866132
84,-0.10344827586206896,-0.14074074074074075,-0.19377278632539327,0.1439454984131493
85,-0.03908045977011494,-0.007407407407407408,-0.2546728048848026,-0.01107273064716533
86,0.0022988505747126436,-0.022222222222222223,-0.48166378315169184,-0.04982728791224399
87,-0.14022988505747128,-0.17037037037037037,-0.21038188229614127,0.21591824761972395
88,0.09885057471264368,0.0962962962962963,-0.24913643956121992,0.02214546129433066
89,0.2367816091954023,0.4222222222222222,-0.2048455169725586,0.1439454984131493
90,-0.020689655172413793,0.007407407407407408,-0.33771828473854254,0.09965457582448797
91,0.26436781609195403,0.24444444444444444,-0.35986374603287324,-0.01107273064716533
92,-0.18160919540229886,-0.2,-0.3820092073272039,-0.09411821050090531
93,0.167816091954023,0.17037037037037037,-0.35986374603287324,0.02214546129433066
94,-0.08505747126436781,0.022222222222222223,-0.2989637274734639,0.1107273064716533
95,-0.02528735632183908,0.037037037037037035,-0.2823546315027159,0.06090001855940932
96,-0.011494252873563218,0.037037037037037035,-0.18270005567822795,0.19930915164897595
97,-0.016091954022988506,0.022222222222222223,-0.21038188229614127,0.005536365323582665
98,0.07126436781609195,-0.0962962962962963,-0.47059105250452654,-0.21591824761972395
99,0.02528735632183908,0.06666666666666667,-0.04982728791224399,0.1107273064716533
100,-0.020689655172413793,0.037037037037037035,-0.48720014847527454,0.1273364024424013
101,-0.011494252873563218,-0.007407407407407408,-0.2048455169725586,-0.09411821050090531
102,0.016091954022988506,0.0962962962962963,-0.37093647668003854,0.05536365323582665
103,0.167816091954023,0.05185185185185185,-0.4152273992686999,-0.1439454984131493
104,0.052873563218390804,0.18518518518518517,-0.3045000927970466,0.01107273064716533
105,0.15402298850574714,0.15555555555555556,-0.19930915164897595,-0.005536365323582665
106,-0.034482758620689655,0.022222222222222223,-0.27681826617913324,0.09411821050090531
107,0.1724137931034483,0.21481481481481482,-0.19930915164897595,0.14948186373673195
108,-0.11724137931034483,-0.14074074074074075,-0.3487910153857079,0.22699097826688927
109,0.06206896551724138,0.022222222222222223,-0.038754557265078655,-0.09411821050090531
110,0.12643678160919541,0.08148148148148149,-0.21591824761972395,-0.18270005567822795
111,0.24597701149425288,0.2740740740740741,-0.31003645812062924,-0.09411821050090531
112,-0.07586206896551724,-0.1111111111111111,-0.15501822906031462,0.038754557265078655
113,0.03908045977011494,0.08148148148148149,-0.17162732503106262,0.15501822906031462
114,-0.135632183908046,-0.0962962962962963,-0.29342736214988124,0.18823642100181062
115,0.0896551724137931,0.007407407407407408,-0.13840913308956662,0.03321819194149599
116,0.04367816091954023,0.14074074074074075,-0.2546728048848026,0.08858184517732264
117,0.11724137931034483,0.06666666666666667,-0.5536365323582665,-0.13840913308956662
118,-0.029885057471264367,-0.06666666666666667,-0.22699097826688927,-0.09411821050090531
119,0.04367816091954023,0.1111111111111111,-0.35986374603287324,0.17162732503106262
120,0.19080459770114944,0.1111111111111111,-0.5425638017111012,-0.1107273064716533
121,-0.11724137931034483,-0.24444444444444444,-0.3045000927970466,-0.05536365323582665
122,-0.20919540229885059,-0.0962962962962963,-0.16609095970747995,0.005536365323582665
123,-0.21839080459770116,-0.21481481481481482,-0.2823546315027159,0.12180003711881864
124,0.029885057471264367,0.05185185185185185,-0.1107273064716533,0.2712819008555506
125,-0.11724137931034483,0.022222222222222223,-0.42076376459228254,0.33771828473854254
126,-0.08045977011494253,-0.06666666666666667,-0.2823546315027159,-0.05536365323582665
127,-0.052873563218390804,-0.1111111111111111,-0.21038188229614127,-0.03321819194149599
128,0.034482758620689655,0.08148148148148149,-0.21038188229614127,-0.01107273064716533
129,0.11264367816091954,0.08148148148148149,-0.14948186373673195,-0.13287276776598397
130,0.11264367816091954,0.007407407407407408,-0.26574553553196795,-0.24360007423763727
131,0.04367816091954023,0.08148148148148149,-0.42076376459228254,0.21038188229614127
132,-0.15402298850574714,-0.24444444444444444,-0.3045000927970466,0.1107273064716533
133,-0.029885057471264367,0.007407407407407408,-0.3487910153857079,-0.1107273064716533
134,0.029885057471264367,-0.06666666666666667,-0.24913643956121992,0.01107273064716533
135,0.020689655172413793,-0.007407407407407408,-0.21038188229614127,-0.005536365323582665
136,-0.016091954022988506,0.037037037037037035,-0.40415466862153454,-0.038754557265078655
137,-0.08505747126436781,-0.037037037037037035,-0.2048455169725586,0.08304547985373997
138,-0.052873563218390804,-0.1111111111111111,-0.5148819750931879,0.10519094114807064
139,0.020689655172413793,0.022222222222222223,-0.22699097826688927,0.1439454984131493
140,0.12183908045977011,0.22962962962962963,-0.5481001670346838,-0.06643638388299199
141,-0.07586206896551724,0.007407407407407408,-0.2989637274734639,0.038754557265078655
142,0.07586206896551724,-0.05185185185185185,-0.27681826617913324,-0.09965457582448797
143,0.016091954022988506,-0.05185185185185185,-0.32664555409137724,0.0
144,-0.20919540229885059,-0.25925925925925924,-0.5038092444460225,0.08304547985373997
145,-0.034482758620689655,-0.05185185185185185,-0.34325465006212524,-0.03321819194149599
146,-0.04367816091954023,-0.14074074074074075,-0.31003645812062924,-0.2214546129433066
147,0.2367816091954023,0.18518518518518517,-0.3487910153857079,-0.26574553553196795
148,-0.0896551724137931,-0.06666666666666667,0.03321819194149599,0.17162732503106262
149,0.18160919540229886,0.24444444444444444,-0.31003645812062924,0.038754557265078655
150,0.167816091954023,0.21481481481481482,-0.45398195653377854,-0.03321819194149599
151,-0.08045977011494253,-0.007407407407407408,-0.13840913308956662,0.19930915164897595
152,-0.034482758620689655,0.05185185185185185,-0.3487910153857079,0.1107273064716533
153,-0.04827586206896552,0.14074074074074075,-0.4318364952394479,0.16609095970747995
154,0.0022988505747126436,-0.007407407407407408,-0.19930915164897595,-0.10519094114807064
155,0.14942528735632185,0.0962962962962963,-0.1439454984131493,0.03321819194149599
156,-0.12183908045977011,-0.05185185185185185,-0.3045000927970466,0.31003645812062924
157,-0.07126436781609195,-0.28888888888888886,-0.3211091887677946,-0.1439454984131493
158,0.11264367816091954,0.3037037037037037,-0.3321819194149599,0.24360007423763727
159,0.15862068965517243,0.1111111111111111,-0.1439454984131493,0.1273364024424013
160,0.2,0.15555555555555556,-0.26574553553196795,-0.06090001855940932
161,0.03908045977011494,0.022222222222222223,-0.35432738070929054,-0.10519094114807064
162,-0.21379310344827587,-0.1259259259259259,-0.07750911453015731,0.09965457582448797
163,-0.03908045977011494,-0.06666666666666667,-0.26020917020838524,-0.26020917020838524
164,-0.14022988505747128,-0.15555555555555556,-0.37647284200362124,0.23252734359047192
165,0.09425287356321839,0.007407407407407408,-0.27681826617913324,-0.12180003711881864
166,0.3057471264367816,0.1111111111111111,-0.6477547428591718,-0.37647284200362124
167,0.14482758620689656,0.21481481481481482,-0.3155728234442119,-0.02214546129433066
168,-0.06206896551724138,-0.15555555555555556,-0.17716369035464527,-0.07197274920657465
169,-0.07126436781609195,-0.022222222222222223,-0.3654001113564559,0.03321819194149599
170,-0.17701149425287357,-0.24444444444444444,-0.3654001113564559,-0.06643638388299199
171,-0.11724137931034483,-0.1111111111111111,-0.22699097826688927,-0.005536365323582665
172,-0.0896551724137931,-0.14074074074074075,0.07750911453015731,0.1107273064716533
173,0.09425287356321839,0.0962962962962963,-0.24360007423763727,-0.04429092258866132
174,-0.2735632183908046,-0.31851851851851853,-0.2380637089140546,0.26020917020838524
175,0.1310344827586207,0.05185185185185185,-0.3211091887677946,-0.13840913308956662
176,0.0022988505747126436,-0.0962962962962963,-0.2878909968262986,-0.06090001855940932
177,-0.14942528735632185,-0.05185185185185185,-0.4263001299158652,0.18823642100181062
178,0.052873563218390804,-0.022222222222222223,-0.19930915164897595,0.038754557265078655
179,-0.05747126436781609,-0.18518518518518517,-0.46505468718094384,-0.2214546129433066
180,0.14942528735632185,0.08148148148148149,-0.4263001299158652,-0.18823642100181062
181,-0.020689655172413793,0.037037037037037035,-0.09965457582448797,0.016609095970747997
182,-0.034482758620689655,-0.0962962962962963,-0.17716369035464527,-0.027681826617913324
183,0.029885057471264367,0.037037037037037035,-0.49827287912243984,0.06643638388299199
184,0.1724137931034483,0.15555555555555556,-0.4595183218573612,-0.02214546129433066
185,0.2,0.18518518518518517,-0.24360007423763727,-0.027681826617913324
186,0.016091954022988506,0.022222222222222223,-0.19377278632539327,-0.11626367179523596
187,0.19540229885057472,0.05185185185185185,-0.48166378315169184,-0.26574553553196795
188,0.2689655172413793,0.1259259259259259,-0.3930819379743692,-0.04982728791224399
189,-0.04367816091954023,-0.14074074074074075,-0.24360007423763727,-0.23252734359047192
190,0.05747126436781609,0.0962962962962963,-0.21591824761972395,0.005536365323582665
191,0.08045977011494253,0.05185185185185185,-0.31003645812062924,0.04429092258866132
192,0.10804597701149425,-0.022222222222222223,-0.09965457582448797,0.04982728791224399
193,-0.052873563218390804,-0.06666666666666667,-0.26574553553196795,-0.11626367179523596
194,0.32413793103448274,0.3925925925925926,-0.26020917020838524,-0.11626367179523596
195,-0.08045977011494253,0.022222222222222223,-0.3487910153857079,0.2546728048848026
196,0.1310344827586207,0.1111111111111111,-0.4761274178281092,-0.08304547985373997
197,0.2045977011494253,0.1111111111111111,-0.3487910153857079,-0.17716369035464527
198,0.020689655172413793,-0.08148148148148149,-0.27681826617913324,-0.08858184517732264
199,-0.0896551724137931,-0.0962962962962963,-0.18823642100181062,-0.06090001855940932
200,-0.22298850574712645,-0.22962962962962963,-0.4096910339451172,0.13840913308956662
201,0.167816091954023,0.05185185185185185,-0.2048455169725586,-0.23252734359047192
202,0.05747126436781609,0.007407407407407408,-0.3321819194149599,-0.03321819194149599
203,0.1724137931034483,0.2,-0.44844559121019584,-0.10519094114807064
204,-0.006896551724137931,-0.05185185185185185,-0.23252734359047192,0.03321819194149599
205,0.05747126436781609,0.1111111111111111,-0.5923910896233452,0.1107273064716533
206,-0.011494252873563218,0.022222222222222223,-0.31003645812062924,0.13287276776598397
207,0.135632183908046,0.0962962962962963,-0.46505468718094384,-0.11626367179523596
208,-0.33793103448275863,-0.2,-0.49827287912243984,0.27681826617913324
209,0.05747126436781609,0.0962962962962963,-0.21038188229614127,0.05536365323582665
210,0.08045977011494253,0.0962962962962963,-0.21038188229614127,-0.08304547985373997
211,0.0896551724137931,0.18518518518518517,-0.4318364952394479,0.04982728791224399
212,-0.12643678160919541,-0.0962962962962963,-0.2878909968262986,-0.04982728791224399
213,-0.19540229885057472,-0.25925925925925924,-0.33771828473854254,0.03321819194149599
214,-0.006896551724137931,-0.007407407407407408,-0.5481001670346838,-0.05536365323582665
215,0.14022988505747128,0.15555555555555556,-0.1107273064716533,0.09965457582448797
216,-0.09425287356321839,-0.21481481481481482,-0.27681826617913324,-0.24360007423763727
217,-0.20919540229885059,-0.1259259259259259,-0.32664555409137724,0.05536365323582665
218,0.3057471264367816,0.17037037037037037,-0.3930819379743692,-0.26574553553196795
219,0.14482758620689656,0.24444444444444444,-0.27681826617913324,-0.18270005567822795
220,-0.12643678160919541,-0.15555555555555556,-0.5757819936525972,0.038754557265078655
221,-0.18160919540229886,-0.0962962962962963,-0.4927365137988572,0.15501822906031462
222,0.034482758620689655,0.06666666666666667,-0.14948186373673195,-0.13287276776598397
223,0.12643678160919541,0.1111111111111111,-0.4096910339451172,0.04429092258866132
224,-0.03908045977011494,-0.1111111111111111,-0.31003645812062924,-0.06090001855940932
225,0.05747126436781609,0.1259259259259259,-0.02214546129433066,-0.03321819194149599
226,-0.07586206896551724,-0.17037037037037037,-0.29342736214988124,0.07750911453015731
227,-0.07586206896551724,-0.1111111111111111,-0.44844559121019584,-0.1107273064716533
228,0.19540229885057472,0.21481481481481482,-0.17716369035464527,-0.24360007423763727
229,-0.011494252873563218,-0.007407407407407408,-0.42076376459228254,-0.17716369035464527
230,0.02528735632183908,0.1111111111111111,-0.33771828473854254,0.22699097826688927
231,-0.016091954022988506,-0.022222222222222223,-0.07197274920657465,-0.07197274920657465
232,0.052873563218390804,-0.022222222222222223,-0.2214546129433066,0.14948186373673195
233,0.135632183908046,-0.08148148148148149,-0.2048455169725586,-0.12180003711881864
234,-0.08505747126436781,-0.007407407407407408,-0.35986374603287324,0.3045000927970466
235,-0.029885057471264367,0.037037037037037035,-0.08858184517732264,0.14948186373673195
236,0.05747126436781609,-0.007407407407407408,-0.2878909968262986,-0.13840913308956662
237,0.2,0.14074074074074075,-0.40415466862153454,-0.2712819008555506
238,0.03908045977011494,0.1259259259259259,-0.3321819194149599,0.15501822906031462
239,-0.10344827586206896,0.022222222222222223,-0.3654001113564559,0.23252734359047192
240,0.07126436781609195,0.037037037037037035,-0.34325465006212524,-0.04982728791224399
241,-0.04367816091954023,0.022222222222222223,-0.17716369035464527,0.04982728791224399
242,0.12643678160919541,0.022222222222222223,-0.31003645812062924,-0.3654001113564559
243,0.052873563218390804,-0.0962962962962963,-0.2823546315027159,-0.47059105250452654
244,-0.19080459770114944,-0.1111111111111111,-0.24913643956121992,0.08304547985373997
245,-0.034482758620689655,0.06666666666666667,-0.2380637089140546,0.2380637089140546
246,0.11724137931034483,0.2,-0.18823642100181062,-0.01107273064716533
247,-0.10344827586206896,-0.15555555555555556,-0.3487910153857079,-0.1273364024424013
248,0.18160919540229886,0.34814814814814815,-0.2546728048848026,0.24360007423763727
249,0.20919540229885059,0.22962962962962963,-0.3820092073272039,-0.17162732503106262
250,0.2,0.15555555555555556,-0.07750911453015731,0.04982728791224399
251,-0.11264367816091954,-0.22962962962962963,-0.04982728791224399,0.01107273064716533
252,0.0022988505747126436,-0.1111111111111111,-0.4318364952394479,-0.07750911453015731
253,0.10804597701149425,0.08148148148148149,-0.1107273064716533,-0.2214546129433066
254,-0.06206896551724138,-0.022222222222222223,-0.21038188229614127,0.0
255,-0.034482758620689655,-0.06666666666666667,-0.32664555409137724,0.02214546129433066
256,0.05747126436781609,-0.007407407407407408,-0.34325465006212524,-0.08304547985373997
257,-0.06206896551724138,0.037037037037037035,-0.23252734359047192,0.07750911453015731
258,0.11724137931034483,0.05185185185185185,-0.3155728234442119,-0.06090001855940932
259,-0.11264367816091954,-0.08148148148148149,-0.40415466862153454,0.12180003711881864
260,-0.06206896551724138,0.06666666666666667,-0.4429092258866132,0.13287276776598397
261,0.06206896551724138,0.05185185185185185,-0.2214546129433066,0.21038188229614127
262,0.02528735632183908,0.0962962962962963,-0.18270005567822795,0.1439454984131493
263,0.05747126436781609,0.037037037037037035,-0.37093647668003854,-0.038754557265078655
264,0.12183908045977011,0.18518518518518517,-0.2214546129433066,-0.13287276776598397
265,-0.2689655172413793,-0.24444444444444444,-0.43737286056303054,0.2823546315027159
266,0.12643678160919541,-0.05185185185185185,-0.3930819379743692,-0.19930915164897595
267,0.10804597701149425,0.05185185185185185,-0.3930819379743692,-0.13840913308956662
268,-0.052873563218390804,0.022222222222222223,-0.34325465006212524,0.1605545943838973
269,0.06206896551724138,-0.15555555555555556,-0.48166378315169184,-0.14948186373673195
270,0.167816091954023,0.0962962962962963,-0.1439454984131493,0.01107273064716533
271,0.135632183908046,0.08148148148148149,-0.5481001670346838,-0.1273364024424013
272,-0.10804597701149425,0.05185185185185185,-0.18823642100181062,0.038754557265078655
273,0.2,0.22962962962962963,-0.3211091887677946,-0.15501822906031462
274,-0.09425287356321839,-0.21481481481481482,-0.4927365137988572,-0.016609095970747997
275,-0.17701149425287357,-0.15555555555555556,-0.5370274363875185,0.07197274920657465
276,-0.006896551724137931,-0.0962962962962963,-0.37093647668003854,-0.1107273064716533
277,-0.016091954022988506,0.022222222222222223,-0.07750911453015731,0.33771828473854254
278,-0.06206896551724138,-0.0962962962962963,-0.21038188229614127,-0.11626367179523596
279,0.2597701149425287,0.28888888888888886,-0.32664555409137724,-0.08858184517732264
280,0.2413793103448276,0.1111111111111111,-0.29342736214988124,-0.03321819194149599
281,-0.04367816091954023,-0.037037037037037035,-0.17716369035464527,-0.21591824761972395
282,-0.08045977011494253,0.022222222222222223,-0.34325465006212524,0.18270005567822795
283,-0.14942528735632185,-0.1259259259259259,-0.38754557265078654,0.06643638388299199
284,-0.0896551724137931,-0.007407407407407408,-0.26574553553196795,0.3045000927970466
285,0.15862068965517243,0.17037037037037037,-0.14948186373673195,-0.17716369035464527
286,-0.03908045977011494,0.037037037037037035,-0.24913643956121992,0.2214546129433066
287,-0.12183908045977011,-0.007407407407407408,-0.3487910153857079,0.1605545943838973
288,0.17701149425287357,0.05185185185185185,-0.35432738070929054,-0.17162732503106262
289,0.2413793103448276,0.31851851851851853,-0.34325465006212524,0.016609095970747997
290,-0.052873563218390804,-0.022222222222222223,-0.2878909968262986,0.05536365323582665
291,-0.02528735632183908,-0.08148148148148149,-0.2989637274734639,0.08858184517732264
292,0.034482758620689655,0.08148148148148149,-0.42076376459228254,-0.12180003711881864
293,-0.034482758620689655,-0.2,-0.26574553553196795,-0.1107273064716533
294,-0.006896551724137931,0.037037037037037035,-0.43737286056303054,0.038754557265078655
295,-0.016091954022988506,0.17037037037037037,-0.6588274735063371,0.07750911453015731
296,0.1310344827586207,0.2,-0.3986183032979519,0.016609095970747997
297,-0.029885057471264367,0.037037037037037035,-0.1273364024424013,0.02214546129433066
298,0.02528735632183908,0.0962962962962963,-0.4263001299158652,0.18823642100181062
299,-0.135632183908046,-0.3037037037037037,-0.4761274178281092,-0.13840913308956662
300,-0.0022988505747126436,0.037037037037037035,-0.21038188229614127,0.07197274920657465
301,-0.167816091954023,-0.17037037037037037,-0.23252734359047192,-0.07197274920657465
302,0.07126436781609195,-0.007407407407407408,-0.3045000927970466,-0.2048455169725586
303,-0.0022988505747126436,0.0962962962962963,-0.19377278632539327,0.09965457582448797
304,0.1632183908045977,0.18518518518518517,-0.47059105250452654,-0.04429092258866132
305,0.18620689655172415,0.21481481481481482,-0.5148819750931879,-0.027681826617913324
306,-0.15402298850574714,-0.0962962962962963,-0.24360007423763727,-0.18270005567822795
307,-0.006896551724137931,-0.007407407407407408,-0.47059105250452654,-0.06643638388299199
308,0.19540229885057472,0.22962962962962963,-0.17716369035464527,-0.09411821050090531
309,0.07126436781609195,0.17037037037037037,-0.5536365323582665,-0.02214546129433066
310,-0.011494252873563218,-0.1259259259259259,-0.5204183404167705,-0.02214546129433066
311,0.020689655172413793,0.007407407407407408,-0.2048455169725586,-0.22699097826688927
312,0.052873563218390804,0.17037037037037037,-0.5038092444460225,0.038754557265078655
313,-0.02528735632183908,0.007407407407407408,-0.19377278632539327,0.06090001855940932
314,-0.016091954022988506,0.05185185185185185,-0.5038092444460225,0.07750911453015731
315,-0.21839080459770116,-0.24444444444444444,-0.32664555409137724,0.16609095970747995
316,0.06206896551724138,0.3037037037037037,-0.42076376459228254,0.22699097826688927
317,0.18620689655172415,0.2,-0.37647284200362124,-0.14948186373673195
318,0.10344827586206896,0.0962962962962963,-0.15501822906031462,-0.02214546129433066
319,-0.2,-0.21481481481481482,-0.08858184517732264,-0.005536365323582665
320,-0.03908045977011494,0.06666666666666667,-0.32664555409137724,0.1107273064716533
321,0.05747126436781609,0.34814814814814815,-0.5979274549469278,0.07197274920657465
322,-0.15402298850574714,-0.2740740740740741,-0.3820092073272039,-0.09965457582448797
323,-0.02528735632183908,-0.007407407407407408,-0.46505468718094384,0.016609095970747997
324,-0.04367816091954023,-0.06666666666666667,-0.42076376459228254,0.005536365323582665
325,0.0022988505747126436,0.037037037037037035,-0.1439454984131493,-0.15501822906031462
326,0.052873563218390804,0.14074074074074075,-0.09965457582448797,-0.2546728048848026
327,0.020689655172413793,0.22962962962962963,-0.37647284200362124,0.26020917020838524
328,-0.04827586206896552,-0.15555555555555556,-0.2546728048848026,0.0
329,0.006896551724137931,-0.007407407407407408,-0.4318364952394479,-0.07750911453015731
330,-0.19540229885057472,-0.2,-0.2989637274734639,0.11626367179523596
331,0.12183908045977011,0.22962962962962963,-0.46505468718094384,0.17162732503106262
332,0.3057471264367816,0.3333333333333333,-0.35986374603287324,-0.07197274920657465
333,-0.11724137931034483,-0.14074074074074075,-0.3045000927970466,-0.11626367179523596
334,-0.06666666666666667,-0.0962962962962963,-0.3654001113564559,-0.02214546129433066
335,-0.029885057471264367,-0.1111111111111111,-0.37647284200362124,-0.07197274920657465
336,0.10804597701149425,0.037037037037037035,-0.3045000927970466,-0.24360007423763727
337,-0.17701149425287357,-0.2,-0.26574553553196795,-0.027681826617913324
338,-0.08045977011494253,-0.1259259259259259,-0.24360007423763727,-0.1605545943838973
339,0.04827586206896552,-0.1111111111111111,-0.23252734359047192,0.09965457582448797
340,0.08505747126436781,0.037037037037037035,-0.3820092073272039,-0.07197274920657465
341,-0.12183908045977011,-0.21481481481481482,-0.4263001299158652,-0.08304547985373997
342,0.19540229885057472,0.24444444444444444,-0.6145365509176758,-0.04982728791224399
343,0.36551724137931035,0.3925925925925926,0.027681826617913324,0.05536365323582665
344,-0.0022988505747126436,0.06666666666666667,-0.3487910153857079,0.04429092258866132
345,-0.1310344827586207,-0.25925925925925924,-0.08304547985373997,0.1107273064716533
346,-0.006896551724137931,0.06666666666666667,-0.2214546129433066,-0.07750911453015731
347,-0.19540229885057472,-0.2,-0.5038092444460225,0.04429092258866132
348,0.06666666666666667,0.14074074074074075,-0.42076376459228254,0.14948186373673195
349,-0.05747126436781609,-0.05185185185185185,-0.37647284200362124,0.04982728791224399
350,0.04367816091954023,0.022222222222222223,-0.2878909968262986,0.08858184517732264
351,0.1724137931034483,0.0962962962962963,-0.4096910339451172,-0.038754557265078655
352,0.22298850574712645,0.15555555555555556,-0.3487910153857079,-0.2380637089140546
353,0.15862068965517243,0.14074074074074075,-0.16609095970747995,0.10519094114807064
354,0.14482758620689656,0.14074074074074075,-0.5425638017111012,-0.02214546129433066
355,-0.12183908045977011,-0.022222222222222223,-0.35986374603287324,0.18823642100181062
356,-0.016091954022988506,-0.0962962962962963,-0.3321819194149599,-0.09411821050090531
357,-0.1632183908045977,-0.037037037037037035,-0.6034638202705105,0.24360007423763727
358,-0.04827586206896552,-0.17037037037037037,-0.2214546129433066,-0.1605545943838973
359,0.167816091954023,0.24444444444444444,-0.5647092630054318,0.04429092258866132
360,-0.1724137931034483,-0.18518518518518517,-0.21591824761972395,0.05536365323582665
361,-0.034482758620689655,-0.037037037037037035,-0.2546728048848026,-0.005536365323582665
362,-0.04367816091954023,-0.06666666666666667,-0.16609095970747995,0.07197274920657465
363,0.04827586206896552,-0.037037037037037035,-0.5038092444460225,-0.16609095970747995
364,0.2,0.21481481481481482,-0.33771828473854254,-0.01107273064716533
365,-0.1632183908045977,-0.05185185185185185,-0.27681826617913324,0.13287276776598397
366,-0.006896551724137931,-0.007407407407407408,-0.21591824761972395,0.05536365323582665
367,-0.17701149425287357,-0.18518518518518517,-0.48166378315169184,0.21591824761972395
368,-0.06666666666666667,-0.06666666666666667,-0.3930819379743692,0.027681826617913324
369,-0.06666666666666667,-0.007407407407407408,-0.29342736214988124,0.10519094114807064
370,-0.10804597701149425,-0.022222222222222223,-0.33771828473854254,0.3045000927970466
371,-0.1310344827586207,-0.05185185185185185,-0.4152273992686999,0.1107273064716533
372,-0.0896551724137931,-0.1259259259259259,-0.1605545943838973,-0.03321819194149599
373,-0.25057471264367814,-0.2740740740740741,-0.33771828473854254,0.038754557265078655
374,-0.21839080459770116,-0.15555555555555556,-0.05536365323582665,0.3045000927970466
375,-0.09425287356321839,-0.06666666666666667,-0.13840913308956662,-0.06090001855940932
376,0.07126436781609195,0.037037037037037035,-0.22699097826688927,-0.09965457582448797
377,-0.0022988505747126436,0.037037037037037035,-0.4152273992686999,0.07750911453015731
378,0.06206896551724138,-0.08148148148148149,-0.35432738070929054,-0.14948186373673195
379,0.25517241379310346,0.25925925925925924,0.005536365323582665,-0.005536365323582665
380,-0.09425287356321839,-0.22962962962962963,-0.32664555409137724,-0.16609095970747995
381,-0.14022988505747128,-0.18518518518518517,-0.49827287912243984,0.01107273064716533
382,0.05747126436781609,0.05185185185185185,-0.4318364952394479,-0.07197274920657465
383,-0.016091954022988506,0.05185185185185185,-0.5093456097696052,0.11626367179523596
384,0.02528735632183908,0.17037037037037037,-0.07197274920657465,0.027681826617913324
385,0.22298850574712645,0.037037037037037035,-0.35432738070929054,-0.17716369035464527
386,0.08045977011494253,0.0962962962962963,-0.2878909968262986,0.11626367179523596
387,-0.09885057471264368,-0.06666666666666667,-0.09411821050090531,-0.07750911453015731
388,-0.04367816091954023,-0.007407407407407408,-0.07750911453015731,0.2712819008555506
389,-0.006896551724137931,0.05185185185185185,-0.4096910339451172,0.1273364024424013
390,0.034482758620689655,-0.007407407407407408,-0.38754557265078654,-0.16609095970747995
391,-0.10804597701149425,-0.05185185185185185,-0.5647092630054318,0.17716369035464527
392,-0.2367816091954023,-0.18518518518518517,-0.34325465006212524,0.2712819008555506
393,0.006896551724137931,-0.1259259259259259,-0.37093647668003854,-0.016609095970747997
394,0.06206896551724138,0.15555555555555556,-0.2823546315027159,0.02214546129433066
395,0.10804597701149425,0.06666666666666667,-0.42076376459228254,0.038754557265078655
396,0.006896551724137931,0.022222222222222223,-0.4429092258866132,0.02214546129433066
397,0.18160919540229886,0.1259259259259259,-0.3820092073272039,-0.18823642100181062
398,-0.03908045977011494,-0.05185185185185185,-0.46505468718094384,0.005536365323582665
399,0.2597701149425287,0.28888888888888886,-0.2878909968262986,-0.08304547985373997
400,0.10344827586206896,-0.05185185185185185,-0.3820092073272039,-0.26020917020838524
401,0.0896551724137931,0.022222222222222223,-0.2546728048848026,-0.19930915164897595
402,0.10804597701149425,0.1111111111111111,-0.4152273992686999,-0.005536365323582665
403,-0.18160919540229886,-0.2740740740740741,-0.32664555409137724,0.12180003711881864
404,-0.08045977011494253,0.007407407407407408,-0.32664555409137724,0.10519094114807064
405,-0.04367816091954023,-0.06666666666666667,-0.34325465006212524,-0.09411821050090531
406,0.19540229885057472,0.15555555555555556,-0.42076376459228254,-0.07750911453015731
407,0.1310344827586207,0.21481481481481482,-0.22699097826688927,0.038754557265078655
408,-0.2827586206896552,-0.4222222222222222,-0.24913643956121992,-0.07750911453015731
409,-0.03908045977011494,-0.14074074074074075,-0.38754557265078654,0.04982728791224399
410,-0.052873563218390804,-0.1259259259259259,-0.31003645812062924,-0.06090001855940932
411,0.05747126436781609,0.14074074074074075,-0.43737286056303054,0.09965457582448797
412,-0.2413793103448276,-0.14074074074074075,-0.3155728234442119,0.18823642100181062
413,0.0022988505747126436,0.0962962962962963,-0.4429092258866132,0.03321819194149599
414,-0.052873563218390804,-0.06666666666666667,-0.3211091887677946,-0.09411821050090531
415,0.29195402298850576,0.28888888888888886,-0.1439454984131493,-0.1439454984131493
416,-0.11724137931034483,-0.2,-0.29342736214988124,-0.04982728791224399
417,-0.06666666666666667,-0.037037037037037035,-0.19930915164897595,0.21038188229614127
418,0.02528735632183908,0.15555555555555556,-0.37093647668003854,0.19930915164897595
419,0.10804597701149425,0.14074074074074075,-0.48720014847527454,-0.01107273064716533
420,0.14022988505747128,0.18518518518518517,-0.4152273992686999,-0.027681826617913324
421,-0.06666666666666667,-0.037037037037037035,-0.35986374603287324,0.08304547985373997
422,-0.0022988505747126436,-0.05185185185185185,-0.33771828473854254,0.03321819194149599
423,0.034482758620689655,0.0962962962962963,-0.3155728234442119,0.09965457582448797
424,0.04367816091954023,0.14074074074074075,-0.4318364952394479,-0.01107273064716533
425,0.167816091954023,0.18518518518518517,-0.23252734359047192,-0.27681826617913324
426,0.09885057471264368,0.18518518518518517,-0.27681826617913324,-0.13840913308956662
427,0.03908045977011494,0.0962962962962963,-0.09411821050090531,-0.06090001855940932
428,-0.011494252873563218,-0.022222222222222223,-0.05536365323582665,-0.027681826617913324
429,0.029885057471264367,-0.05185185185185185,-0.42076376459228254,-0.1439454984131493
430,0.020689655172413793,-0.0962962962962963,-0.3986183032979519,-0.027681826617913324
431,0.07586206896551724,0.0962962962962963,-0.35986374603287324,0.08304547985373997
432,-0.24597701149425288,-0.28888888888888886,-0.4429092258866132,0.08858184517732264
433,-0.04367816091954023,-0.1259259259259259,-0.3045000927970466,-0.04429092258866132
434,0.05747126436781609,-0.06666666666666667,-0.06090001855940932,0.04429092258866132
435,-0.07126436781609195,-0.08148148148148149,-0.6422183775355892,0.08858184517732264
436,-0.14482758620689656,-0.4074074074074074,-0.2823546315027159,-0.2048455169725586
437,0.034482758620689655,0.05185185185185185,-0.3930819379743692,0.10519094114807064
438,-0.22758620689655173,-0.2740740740740741,-0.2989637274734639,0.19377278632539327
439,-0.02528735632183908,-0.1259259259259259,-0.4263001299158652,-0.03321819194149599
440,0.029885057471264367,-0.08148148148148149,-0.3654001113564559,-0.26574553553196795
441,0.17701149425287357,0.15555555555555556,-0.02214546129433066,0.04429092258866132
442,0.135632183908046,0.14074074074074075,-0.3321819194149599,-0.01107273064716533
443,0.016091954022988506,-0.007407407407407408,-0.34325465006212524,-0.06643638388299199
444,0.167816091954023,0.08148148148148149,-0.2048455169725586,-0.03321819194149599
445,0.09425287356321839,0.0962962962962963,-0.17716369035464527,-0.1107273064716533
446,-0.19540229885057472,-0.18518518518518517,-0.3986183032979519,0.2546728048848026
447,-0.04827586206896552,-0.037037037037037035,-0.2048455169725586,0.038754557265078655
448,-0.034482758620689655,0.037037037037037035,-0.42076376459228254,-0.02214546129433066
449,-0.02528735632183908,-0.007407407407407408,-0.26020917020838524,0.07750911453015731
450,0.029885057471264367,0.022222222222222223,-0.24913643956121992,-0.13287276776598397
451,-0.011494252873563218,0.007407407407407408,-0.40415466862153454,0.04429092258866132
452,-0.15862068965517243,-0.1111111111111111,-0.2546728048848026,0.07197274920657465
453,0.1310344827586207,0.2,-0.19377278632539327,-0.01107273064716533
454,-0.029885057471264367,0.05185185185185185,-0.26020917020838524,0.07197274920657465
455,-0.04367816091954023,-0.1259259259259259,-0.38754557265078654,-0.13840913308956662
456,-0.034482758620689655,-0.06666666666666667,-0.22699097826688927,0.0
457,0.08045977011494253,-0.0962962962962963,-0.5093456097696052,-0.15501822906031462
458,0.14022988505747128,0.05185185185185185,-0.45398195653377854,-0.08304547985373997
459,0.2735632183908046,0.34814814814814815,-0.17716369035464527,-0.2214546129433066
460,-0.029885057471264367,0.007407407407407408,-0.2214546129433066,0.005536365323582665
461,0.07586206896551724,-0.022222222222222223,-0.26574553553196795,-0.2878909968262986
462,-0.04827586206896552,-0.022222222222222223,-0.2546728048848026,0.19377278632539327
463,-0.07586206896551724,-0.06666666666666667,-0.3155728234442119,-0.07197274920657465
464,0.03908045977011494,-0.06666666666666667,-0.2712819008555506,-0.23252734359047192
465,-0.02528735632183908,0.022222222222222223,0.02214546129433066,0.09411821050090531
466,-0.08505747126436781,-0.1259259259259259,-0.37093647668003854,-0.08304547985373997
467,0.18620689655172415,0.2,-0.13287276776598397,-0.2048455169725586
468,-0.20919540229885059,-0.17037037037037037,-0.19930915164897595,0.13287276776598397
469,0.03908045977011494,-0.022222222222222223,-0.2546728048848026,-0.16609095970747995
470,-0.12643678160919541,-0.14074074074074075,-0.35432738070929054,0.01107273064716533
471,0.020689655172413793,0.007407407407407408,-0.46505468718094384,0.03321819194149599
472,-0.2367816091954023,-0.2740740740740741,-0.4595183218573612,0.07750911453015731
473,0.029885057471264367,-0.037037037037037035,-0.2214546129433066,-0.06090001855940932
474,0.034482758620689655,0.05185185185185185,-0.4318364952394479,0.17716369035464527
475,-0.011494252873563218,0.022222222222222223,-0.32664555409137724,-0.038754557265078655
476,-0.14482758620689656,-0.022222222222222223,-0.19930915164897595,0.06643638388299199
477,0.10344827586206896,0.17037037037037037,-0.2546728048848026,0.07197274920657465
478,0.06666666666666667,-0.05185185185185185,-0.24913643956121992,0.038754557265078655
479,-0.12643678160919541,-0.0962962962962963,-0.4318364952394479,0.08304547985373997
480,0.10344827586206896,-0.06666666666666667,-0.38754557265078654,-0.10519094114807064
481,-0.06206896551724138,-0.037037037037037035,-0.43737286056303054,0.19930915164897595
482,0.03908045977011494,0.1259259259259259,-0.4761274178281092,0.1107273064716533
483,0.18620689655172415,0.17037037037037037,0.016609095970747997,0.04429092258866132
484,0.011494252873563218,-0.007407407407407408,-0.16609095970747995,-0.10519094114807064
485,-0.06666666666666667,-0.007407407407407408,-0.18270005567822795,0.09411821050090531
486,-0.14022988505747128,-0.22962962962962963,-0.5093456097696052,-0.005536365323582665
487,-0.11264367816091954,-0.3037037037037037,-0.16609095970747995,0.06643638388299199
488,0.034482758620689655,0.007407407407407408,-0.1605545943838973,0.04429092258866132
489,0.1632183908045977,0.22962962962962963,-0.26020917020838524,-0.038754557265078655
490,0.034482758620689655,0.022222222222222223,-0.3654001113564559,-0.03321819194149599
491,-0.10344827586206896,-0.05185185185185185,-0.12180003711881864,0.19377278632539327
492,-0.26436781609195403,-0.28888888888888886,-0.3930819379743692,0.09411821050090531
493,-0.10804597701149425,0.1259259259259259,-0.45398195653377854,0.21038188229614127
494,0.03908045977011494,0.007407407407407408,-0.3986183032979519,-0.2214546129433066
495,-0.0022988505747126436,0.037037037037037035,-0.4429092258866132,0.016609095970747997
496,-0.10804597701149425,-0.14074074074074075,-0.2712819008555506,0.18270005567822795
497,-0.07126436781609195,-0.007407407407407408,-0.37093647668003854,0.17716369035464527
498,-0.05747126436781609,-0.007407407407407408,-0.4318364952394479,0.03321819194149599
499,-0.15402298850574714,-0.21481481481481482,-0.4263001299158652,-0.02214546129433066
500,-0.167816091954023,-0.2,-0.14948186373673195,0.26574553553196795
501,0.3057471264367816,0.21481481481481482,-0.18823642100181062,-0.15501822906031462
502,-0.10344827586206896,-0.06666666666666667,-0.40415466862153454,0.11626367179523596
503,-0.14022988505747128,-0.1259259259259259,-0.5702456283290145,0.1273364024424013
504,-0.21379310344827587,-0.24444444444444444,-0.38754557265078654,0.05536365323582665
505,0.167816091954023,0.22962962962962963,-0.48720014847527454,-0.038754557265078655
506,0.12643678160919541,0.06666666666666667,-0.2823546315027159,-0.1107273064716533
507,-0.020689655172413793,-0.08148148148148149,-0.3986183032979519,-0.09411821050090531
508,0.06206896551724138,0.14074074074074075,-0.3654001113564559,0.07750911453015731
509,0.06206896551724138,0.0962962962962963,-0.32664555409137724,-0.08858184517732264
510,-0.029885057471264367,-0.007407407407407408,-0.09965457582448797,0.1439454984131493
511,-0.12643678160919541,-0.14074074074074075,-0.13287276776598397,0.03321819194149599
512,0.12183908045977011,0.1259259259259259,-0.3986183032979519,-0.1439454984131493
513,-0.07586206896551724,-0.05185185185185185,-0.2989637274734639,0.08304547985373997
514,-0.19080459770114944,-0.17037037037037037,-0.26574553553196795,-0.16609095970747995
515,-0.052873563218390804,-0.18518518518518517,-0.2214546129433066,-0.1605545943838973
516,0.02528735632183908,-0.05185185185185185,-0.27681826617913324,-0.04982728791224399
517,-0.07126436781609195,-0.007407407407407408,-0.32664555409137724,0.02214546129433066
518,-0.21379310344827587,-0.21481481481481482,-0.16609095970747995,0.15501822906031462
519,0.25057471264367814,0.25925925925925924,-0.3986183032979519,-0.21591824761972395
520,-0.09425287356321839,-0.0962962962962963,-0.40415466862153454,0.14948186373673195
521,0.011494252873563218,0.06666666666666667,-0.3321819194149599,-0.16609095970747995
522,0.07586206896551724,0.08148148148148149,-0.49827287912243984,0.09411821050090531
523,-0.016091954022988506,0.022222222222222223,-0.3986183032979519,-0.09411821050090531
524,0.016091954022988506,0.037037037037037035,-0.3045000927970466,-0.03321819194149599
525,-0.02528735632183908,-0.06666666666666667,-0.26020917020838524,-0.06643638388299199
526,0.08505747126436781,0.05185185185185185,-0.4429092258866132,-0.09411821050090531
527,0.12643678160919541,0.022222222222222223,-0.47059105250452654,-0.19377278632539327
528,0.0022988505747126436,0.007407407407407408,-0.31003645812062924,-0.03321819194149599
529,0.167816091954023,0.24444444444444444,-0.2989637274734639,-0.05536365323582665
530,0.09425287356321839,0.05185185185185185,-0.03321819194149599,0.06090001855940932
531,0.06666666666666667,-0.022222222222222223,-0.43737286056303054,-0.2380637089140546
532,0.07586206896551724,0.15555555555555556,-0.26020917020838524,0.1273364024424013
533,0.12643678160919541,0.022222222222222223,-0.35432738070929054,-0.05536365323582665
534,-0.23218390804597702,-0.22962962962962963,-0.24360007423763727,0.07197274920657465
535,-0.12183908045977011,-0.05185185185185185,-0.2214546129433066,0.2712819008555506
536,0.1310344827586207,-0.022222222222222223,-0.3487910153857079,-0.35986374603287324
537,0.08045977011494253,0.037037037037037035,-0.4318364952394479,-0.10519094114807064
538,-0.029885057471264367,-0.08148148148148149,-0.5813183589761798,0.01107273064716533
539,-0.11264367816091954,-0.08148148148148149,-0.24360007423763727,0.04982728791224399
540,0.07586206896551724,0.17037037037037037,-0.33771828473854254,0.17716369035464527
541,-0.167816091954023,-0.037037037037037035,-0.3155728234442119,0.21591824761972395
542,-0.14022988505747128,-0.17037037037037037,-0.35432738070929054,-0.09411821050090531
543,-0.10804597701149425,0.08148148148148149,-0.35432738070929054,0.07197274920657465
544,0.11724137931034483,0.2,-0.11626367179523596,0.09411821050090531
545,0.14022988505747128,0.2740740740740741,-0.19377278632539327,0.19377278632539327
546,0.17701149425287357,0.18518518518518517,0.05536365323582665,-0.07750911453015731
547,0.029885057471264367,0.037037037037037035,-0.2380637089140546,-0.005536365323582665
548,-0.2597701149425287,-0.31851851851851853,-0.15501822906031462,0.027681826617913324
549,-0.09425287356321839,-0.007407407407407408,-0.4263001299158652,0.21591824761972395
550,0.135632183908046,0.06666666666666667,-0.38754557265078654,-0.13840913308956662
551,0.14022988505747128,0.14074074074074075,-0.27681826617913324,0.038754557265078655
552,-0.10344827586206896,0.007407407407407408,-0.5093456097696052,0.19377278632539327
553,-0.1632183908045977,-0.15555555555555556,-0.19377278632539327,0.09965457582448797
554,0.016091954022988506,-0.1111111111111111,-0.15501822906031462,-0.11626367179523596
555,-0.04367816091954023,-0.037037037037037035,-0.17716369035464527,-0.027681826617913324
556,-0.034482758620689655,0.06666666666666667,-0.3930819379743692,0.11626367179523596
557,0.2367816091954023,0.18518518518518517,-0.24360007423763727,-0.29342736214988124
558,-0.09885057471264368,-0.17037037037037037,-0.35432738070929054,-0.01107273064716533
559,-0.09425287356321839,-0.15555555555555556,-0.23252734359047192,-0.1439454984131493
560,0.06206896551724138,0.037037037037037035,-0.21591824761972395,0.08858184517732264
561,-0.14482758620689656,-0.05185185185185185,-0.21038188229614127,0.04429092258866132
562,0.167816091954023,0.25925925925925924,-0.37093647668003854,-0.08858184517732264
563,-0.0896551724137931,0.007407407407407408,-0.5370274363875185,0.17162732503106262
564,0.052873563218390804,0.2,-0.07750911453015731,-0.13287276776598397
565,-0.14022988505747128,-0.1259259259259259,-0.35986374603287324,0.06090001855940932
566,-0.21379310344827587,-0.1111111111111111,-0.2878909968262986,0.2048455169725586
567,0.016091954022988506,0.0962962962962963,-0.4318364952394479,0.027681826617913324
568,-0.02528735632183908,-0.022222222222222223,-0.2048455169725586,-0.06090001855940932
569,-0.23218390804597702,-0.24444444444444444,-0.2878909968262986,0.1107273064716533
570,0.26436781609195403,0.15555555555555556,-0.6311456468884238,-0.22699097826688927
571,0.19080459770114944,0.21481481481481482,-0.2380637089140546,-0.01107273064716533
572,0.08045977011494253,0.1259259259259259,-0.21591824761972395,0.0
573,-0.07126436781609195,-0.06666666666666667,-0.2380637089140546,0.21038188229614127
574,0.14022988505747128,0.22962962962962963,-0.18270005567822795,-0.01107273064716533
575,-0.24597701149425288,-0.28888888888888886,-0.24360007423763727,-0.01107273064716533
576,-0.09425287356321839,-0.0962962962962963,-0.34325465006212524,0.17716369035464527
577,-0.07586206896551724,-0.037037037037037035,-0.1439454984131493,0.15501822906031462
578,-0.12643678160919541,-0.15555555555555556,-0.10519094114807064,0.16609095970747995
579,0.06666666666666667,0.007407407407407408,-0.4927365137988572,-0.04982728791224399
580,-0.02528735632183908,0.05185185185185185,-0.33771828473854254,-0.01107273064716533
581,-0.020689655172413793,-0.0962962962962963,-0.2823546315027159,-0.2380637089140546
582,-0.04367816091954023,-0.15555555555555556,-0.21591824761972395,-0.07750911453015731
583,0.034482758620689655,-0.037037037037037035,-0.31003645812062924,-0.37647284200362124
584,-0.04367816091954023,-0.1111111111111111,-0.4927365137988572,0.016609095970747997
585,0.029885057471264367,-0.05185185185185185,-0.47059105250452654,-0.08304547985373997
586,0.06206896551724138,0.06666666666666667,-0.11626367179523596,-0.02214546129433066
587,-0.19080459770114944,-0.17037037037037037,-0.31003645812062924,0.15501822906031462
588,0.04367816091954023,0.1259259259259259,-0.2878909968262986,0.14948186373673195
589,0.135632183908046,0.06666666666666667,-0.27681826617913324,-0.11626367179523596
590,-0.09885057471264368,-0.022222222222222223,-0.44844559121019584,0.04982728791224399
591,0.0022988505747126436,-0.022222222222222223,-0.2546728048848026,0.02214546129433066
592,-0.22298850574712645,0.022222222222222223,-0.33771828473854254,0.22699097826688927
593,-0.11264367816091954,-0.06666666666666667,-0.24360007423763727,0.04429092258866132
594,-0.07126436781609195,-0.18518518518518517,-0.3487910153857079,-0.1107273064716533
595,-0.2,-0.21481481481481482,-0.42076376459228254,0.3045000927970466
596,0.006896551724137931,-0.007407407407407408,-0.4927365137988572,0.005536365323582665
597,0.2413793103448276,0.25925925925925924,-0.3045000927970466,-0.1439454984131493
598,-0.0022988505747126436,0.007407407407407408,-0.4096910339451172,-0.08304547985373997
599,-0.09425287356321839,-0.17037037037037037,-0.26020917020838524,-0.15501822906031462
600,0.18620689655172415,0.1259259259259259,-0.1439454984131493,-0.08858184517732264
601,-0.09885057471264368,-0.007407407407407408,-0.27681826617913324,0.19377278632539327
602,-0.029885057471264367,0.022222222222222223,-0.16609095970747995,0.18823642100181062
603,0.12183908045977011,0.022222222222222223,-0.5204183404167705,-0.11626367179523596
604,0.09885057471264368,0.007407407407407408,-0.2823546315027159,-0.08858184517732264
605,0.18620689655172415,0.2,-0.27681826617913324,-0.016609095970747997
606,0.03908045977011494,0.037037037037037035,-0.40415466862153454,-0.11626367179523596
607,0.011494252873563218,-0.05185185185185185,-0.2546728048848026,-0.15501822906031462
608,0.02528735632183908,-0.022222222222222223,-0.1605545943838973,0.1439454984131493
609,-0.03908045977011494,-0.022222222222222223,-0.2712819008555506,-0.03321819194149599
610,-0.006896551724137931,-0.05185185185185185,-0.49827287912243984,0.0
611,0.08045977011494253,-0.1111111111111111,-0.4761274178281092,-0.18270005567822795
612,-0.04827586206896552,-0.022222222222222223,-0.2380637089140546,-0.07750911453015731
613,-0.04827586206896552,-0.007407407407407408,-0.4263001299158652,0.005536365323582665
614,0.029885057471264367,0.05185185185185185,-0.35432738070929054,0.06090001855940932
615,-0.0022988505747126436,-0.007407407407407408,-0.3654001113564559,-0.07750911453015731
616,-0.12643678160919541,-0.17037037037037037,-0.3155728234442119,0.1605545943838973
617,-0.14942528735632185,-0.22962962962962963,-0.3654001113564559,0.038754557265078655
618,0.18160919540229886,0.15555555555555556,-0.31003645812062924,-0.1273364024424013
619,-0.24597701149425288,-0.2740740740740741,-0.13287276776598397,0.027681826617913324
620,0.1310344827586207,0.08148148148148149,-0.4595183218573612,0.03321819194149599
621,0.2,0.08148148148148149,-0.2380637089140546,-0.2048455169725586
622,-0.135632183908046,-0.1259259259259259,-0.2989637274734639,-0.08304547985373997
623,0.0022988505747126436,0.1111111111111111,-0.31003645812062924,0.08304547985373997
624,-0.08505747126436781,-0.17037037037037037,-0.23252734359047192,0.32664555409137724
625,-0.21379310344827587,-0.06666666666666667,-0.09411821050090531,0.08304547985373997
626,0.08045977011494253,0.0962962962962963,-0.4263001299158652,0.0
627,-0.052873563218390804,0.007407407407407408,-0.32664555409137724,0.19377278632539327
628,-0.19540229885057472,-0.1111111111111111,-0.5425638017111012,0.24913643956121992
629,0.18620689655172415,0.14074074074074075,-0.34325465006212524,-0.06090001855940932
630,0.10804597701149425,0.0962962962962963,-0.4595183218573612,-0.01107273064716533
631,0.08505747126436781,0.022222222222222223,-0.5314910710639359,0.005536365323582665
632,0.1632183908045977,-0.007407407407407408,-0.48166378315169184,-0.2048455169725586
633,0.06206896551724138,-0.007407407407407408,-0.48720014847527454,0.0
634,0.016091954022988506,-0.007407407407407408,-0.07197274920657465,-0.11626367179523596
635,0.21379310344827587,0.14074074074074075,-0.5647092630054318,-0.1605545943838973
636,0.12643678160919541,0.2740740740740741,-0.3820092073272039,0.05536365323582665
637,-0.2045977011494253,-0.3333333333333333,-0.3930819379743692,-0.027681826617913324
638,-0.24597701149425288,-0.2740740740740741,-0.4096910339451172,0.027681826617913324
639,0.1310344827586207,0.18518518518518517,-0.27681826617913324,0.05536365323582665
640,0.2045977011494253,0.15555555555555556,-0.48720014847527454,-0.18823642100181062
641,-0.09885057471264368,-0.022222222222222223,-0.38754557265078654,0.04429092258866132
642,-0.11264367816091954,-0.18518518518518517,-0.27681826617913324,-0.13287276776598397
643,0.135632183908046,0.17037037037037037,-0.3820092073272039,0.016609095970747997
644,0.06666666666666667,0.08148148148148149,-0.14948186373673195,0.04429092258866132
645,-0.03908045977011494,-0.0962962962962963,-0.5093456097696052,-0.05536365323582665
646,-0.1632183908045977,0.022222222222222223,-0.6588274735063371,0.24360007423763727
647,0.02528735632183908,0.06666666666666667,-0.31003645812062924,0.09411821050090531
648,-0.03908045977011494,0.007407407407407408,-0.05536365323582665,0.09411821050090531
649,0.03908045977011494,0.0962962962962963,-0.45398195653377854,0.1439454984131493
650,0.11264367816091954,0.007407407407407408,-0.3820092073272039,-0.2048455169725586
651,-0.0896551724137931,0.007407407407407408,-0.1605545943838973,0.29342736214988124
652,-0.07126436781609195,0.05185185185185185,-0.5148819750931879,0.1439454984131493
653,-0.02528735632183908,-0.08148148148148149,-0.5481001670346838,0.005536365323582665
654,0.020689655172413793,0.0962962962962963,-0.13287276776598397,0.19930915164897595
655,-0.1632183908045977,-0.1259259259259259,-0.2546728048848026,0.09411821050090531
656,0.135632183908046,0.14074074074074075,-0.24913643956121992,0.18270005567822795
657,-0.2413793103448276,-0.362962962962963,-0.3211091887677946,-0.15501822906031462
658,0.02528735632183908,-0.06666666666666667,-0.3155728234442119,-0.09411821050090531
659,0.35172413793103446,0.3925925925925926,-0.4096910339451172,-0.24360007423763727
660,-0.12643678160919541,-0.22962962962962963,-0.3820092073272039,0.2380637089140546
661,-0.25057471264367814,-0.28888888888888886,-0.2712819008555506,0.02214546129433066
662,0.0022988505747126436,0.05185185185185185,-0.2380637089140546,0.1107273064716533
663,0.052873563218390804,0.1111111111111111,-0.2380637089140546,0.13840913308956662
664,-0.06206896551724138,-0.007407407407407408,-0.3986183032979519,0.17162732503106262
665,-0.020689655172413793,-0.06666666666666667,-0.33771828473854254,-0.1273364024424013
666,0.04367816091954023,0.022222222222222223,-0.4318364952394479,0.05536365323582665
667,-0.27816091954022987,-0.2740740740740741,-0.23252734359047192,0.17716369035464527
668,-0.0022988505747126436,-0.022222222222222223,-0.31003645812062924,-0.016609095970747997
669,0.12183908045977011,0.08148148148148149,-0.4096910339451172,-0.24913643956121992
670,0.05747126436781609,0.037037037037037035,0.01107273064716533,-0.1107273064716533
671,0.06206896551724138,0.1259259259259259,-0.49827287912243984,-0.08304547985373997
672,0.07586206896551724,-0.06666666666666667,-0.4096910339451172,-0.29342736214988124
673,0.08045977011494253,0.0962962962962963,-0.2712819008555506,0.05536365323582665
674,0.08045977011494253,0.007407407407407408,-0.3930819379743692,-0.08858184517732264
675,-0.03908045977011494,-0.037037037037037035,-0.26574553553196795,-0.06643638388299199
676,0.03908045977011494,0.1259259259259259,-0.33771828473854254,0.07197274920657465
677,0.006896551724137931,0.037037037037037035,-0.26574553553196795,0.07197274920657465
678,-0.0896551724137931,-0.1259259259259259,-0.24360007423763727,-0.027681826617913324
679,0.10344827586206896,0.037037037037037035,-0.4927365137988572,-0.10519094114807064
680,0.04367816091954023,-0.007407407407407408,-0.13287276776598397,-0.12180003711881864
681,0.135632183908046,0.1259259259259259,-0.3820092073272039,-0.09965457582448797
682,-0.006896551724137931,-0.1259259259259259,-0.3321819194149599,-0.2048455169725586
683,0.09885057471264368,0.14074074074074075,-0.10519094114807064,-0.016609095970747997
684,0.0022988505747126436,-0.037037037037037035,-0.3155728234442119,-0.04429092258866132
685,0.296551724137931,0.17037037037037037,-0.1605545943838973,-0.34325465006212524
686,-0.10344827586206896,-0.1111111111111111,-0.15501822906031462,-0.04982728791224399
687,0.07586206896551724,0.18518518518518517,-0.2878909968262986,-0.1107273064716533
688,0.04367816091954023,-0.037037037037037035,-0.1605545943838973,0.016609095970747997
689,-0.06666666666666667,-0.15555555555555556,-0.27681826617913324,-0.08858184517732264
690,-0.11264367816091954,-0.18518518518518517,-0.43737286056303054,-0.06090001855940932
691,-0.1310344827586207,-0.05185185185185185,-0.47059105250452654,0.09965457582448797
692,0.19540229885057472,0.3333333333333333,-0.4318364952394479,-0.02214546129433066
693,-0.02528735632183908,-0.05185185185185185,-0.11626367179523596,-0.08304547985373997
694,-0.0896551724137931,0.022222222222222223,-0.19377278632539327,0.01107273064716533
695,-0.06206896551724138,-0.0962962962962963,-0.26574553553196795,0.005536365323582665
696,0.10344827586206896,0.06666666666666667,-0.2878909968262986,-0.01107273064716533
697,0.07126436781609195,0.1111111111111111,-0.4761274178281092,-0.05536365323582665
698,-0.11264367816091954,-0.06666666666666667,-0.40415466862153454,0.016609095970747997
699,0.25517241379310346,0.22962962962962963,-0.4761274178281092,-0.08858184517732264
700,0.11724137931034483,0.1259259259259259,-0.15501822906031462,-0.09411821050090531
701,-0.09885057471264368,-0.14074074074074075,-0.27681826617913324,-0.06643638388299199
702,-0.016091954022988506,0.0962962962962963,-0.5647092630054318,0.04429092258866132
703,0.04827586206896552,0.1111111111111111,-0.1107273064716533,-0.005536365323582665
704,-0.3333333333333333,-0.31851851851851853,-0.33771828473854254,0.2989637274734639
705,-0.03908045977011494,0.037037037037037035,-0.14948186373673195,0.12180003711881864
706,-0.034482758620689655,0.007407407407407408,-0.3321819194149599,-0.01107273064716533
707,-0.04827586206896552,-0.06666666666666667,-0.18823642100181062,-0.01107273064716533
708,0.11724137931034483,-0.08148148148148149,-0.5204183404167705,-0.19377278632539327
709,-0.08045977011494253,-0.022222222222222223,-0.29342736214988124,0.13840913308956662
710,-0.15862068965517243,-0.22962962962962963,-0.3654001113564559,0.038754557265078655
711,0.08045977011494253,0.1259259259259259,-0.17162732503106262,0.17716369035464527
712,-0.167816091954023,-0.037037037037037035,-0.3487910153857079,0.11626367179523596
713,0.25057471264367814,0.34814814814814815,-0.14948186373673195,-0.02214546129433066
714,-0.19080459770114944,-0.15555555555555556,-0.3654001113564559,0.08304547985373997
715,0.09425287356321839,0.1111111111111111,-0.5204183404167705,-0.027681826617913324
716,-0.07126436781609195,-0.1259259259259259,-0.1273364024424013,0.08858184517732264
717,0.04827586206896552,0.1111111111111111,-0.2214546129433066,-0.1605545943838973
718,-0.2735632183908046,-0.2740740740740741,-0.2546728048848026,-0.038754557265078655
719,-0.23218390804597702,-0.18518518518518517,-0.4429092258866132,0.12180003711881864
720,-0.10804597701149425,-0.05185185185185185,-0.2878909968262986,0.2214546129433066
721,0.12183908045977011,0.1259259259259259,-0.31003645812062924,-0.09965457582448797
722,-0.14482758620689656,-0.18518518518518517,-0.26020917020838524,0.04429092258866132
723,0.09885057471264368,0.1111111111111111,-0.4096910339451172,-0.02214546129433066
724,-0.020689655172413793,-0.037037037037037035,-0.34325465006212524,-0.02214546129433066
725,-0.04827586206896552,-0.007407407407407408,-0.22699097826688927,-0.005536365323582665
726,-0.21379310344827587,-0.21481481481481482,-0.2712819008555506,0.06090001855940932
727,0.1724137931034483,0.08148148148148149,-0.32664555409137724,-0.14948186373673195
728,0.03908045977011494,0.05185185185185185,-0.2823546315027159,0.1107273064716533
729,0.0022988505747126436,-0.0962962962962963,-0.4152273992686999,-0.17716369035464527
730,0.034482758620689655,0.05185185185185185,-0.1107273064716533,-0.06643638388299199
731,-0.04827586206896552,-0.15555555555555556,-0.22699097826688927,0.027681826617913324
732,0.02528735632183908,0.08148148148148149,-0.3820092073272039,0.038754557265078655
733,-0.04827586206896552,-0.08148148148148149,-0.2380637089140546,0.02214546129433066
734,-0.09425287356321839,-0.1111111111111111,-0.34325465006212524,0.027681826617913324
735,-0.2045977011494253,-0.17037037037037037,-0.3487910153857079,0.16609095970747995
736,0.06206896551724138,-0.05185185185185185,-0.3211091887677946,-0.2823546315027159
737,0.07126436781609195,0.2,-0.5370274363875185,0.17162732503106262
738,0.1632183908045977,0.037037037037037035,-0.4318364952394479,-0.29342736214988124
739,0.06666666666666667,0.08148148148148149,-0.24913643956121992,0.08858184517732264
740,-0.0896551724137931,-0.25925925925925924,-0.37093647668003854,0.1605545943838973
741,-0.0896551724137931,-0.14074074074074075,-0.26574553553196795,-0.07750911453015731
742,0.07586206896551724,-0.05185185185185185,-0.40415466862153454,-0.1605545943838973
743,-0.2045977011494253,-0.08148148148148149,-0.35986374603287324,0.34325465006212524
744,-0.135632183908046,-0.0962962962962963,-0.19930915164897595,0.027681826617913324
745,-0.029885057471264367,-0.06666666666666667,-0.37093647668003854,-0.038754557265078655
746,0.016091954022988506,0.0962962962962963,-0.34325465006212524,0.17162732503106262
747,0.08045977011494253,-0.08148148148148149,-0.5204183404167705,-0.2048455169725586
748,-0.09885057471264368,-0.25925925925925924,-0.40415466862153454,-0.016609095970747997
749,0.2,0.24444444444444444,-0.33771828473854254,-0.04429092258866132
750,0.2045977011494253,0.24444444444444444,-0.2823546315027159,-0.07197274920657465
751,0.17701149425287357,0.22962962962962963,-0.016609095970747997,-0.07750911453015731
752,-0.14022988505747128,-0.1111111111111111,-0.22699097826688927,0.04429092258866132
753,0.08505747126436781,0.06666666666666667,-0.1107273064716533,-0.03321819194149599
754,0.052873563218390804,0.1111111111111111,-0.5591728976818492,-0.005536365323582665
755,-0.10804597701149425,-0.0962962962962963,-0.21038188229614127,-0.04982728791224399
756,0.05747126436781609,-0.022222222222222223,-0.35986374603287324,-0.04982728791224399
757,0.2,0.18518518518518517,-0.11626367179523596,-0.45398195653377854
758,-0.011494252873563218,-0.007407407407407408,-0.3654001113564559,-0.04429092258866132
759,0.0896551724137931,0.21481481481481482,-0.31003645812062924,0.2823546315027159
760,0.05747126436781609,0.08148148148148149,-0.38754557265078654,-0.09411821050090531
761,0.08045977011494253,0.1259259259259259,-0.2712819008555506,0.01107273064716533
762,-0.23218390804597702,-0.18518518518518517,-0.40415466862153454,0.13840913308956662
763,0.14482758620689656,0.14074074074074075,-0.2380637089140546,-0.13840913308956662
764,-0.11264367816091954,-0.022222222222222223,-0.4595183218573612,0.1439454984131493
765,-0.04367816091954023,-0.06666666666666667,-0.34325465006212524,-0.08304547985373997
766,-0.011494252873563218,-0.14074074074074075,-0.38754557265078654,-0.04982728791224399
767,-0.10804597701149425,0.022222222222222223,-0.42076376459228254,0.2048455169725586
768,-0.052873563218390804,-0.022222222222222223,-0.1439454984131493,-0.13287276776598397
769,0.2,0.21481481481481482,-0.4152273992686999,-0.16609095970747995
770,-0.11724137931034483,-0.1259259259259259,-0.23252734359047192,-0.13840913308956662
771,0.14942528735632185,0.14074074074074075,-0.016609095970747997,-0.12180003711881864
772,0.06666666666666667,-0.037037037037037035,-0.48166378315169184,-0.17716369035464527
773,0.1310344827586207,0.08148148148148149,-0.08304547985373997,0.03321819194149599
774,-0.016091954022988506,-0.0962962962962963,-0.32664555409137724,0.0
775,0.006896551724137931,0.0962962962962963,-0.1605545943838973,0.02214546129433066
776,-0.12183908045977011,-0.18518518518518517,-0.6090001855940932,0.08858184517732264
777,0.0022988505747126436,0.05185185185185185,-0.2878909968262986,0.09411821050090531
778,-0.029885057471264367,-0.05185185185185185,-0.29342736214988124,-0.13287276776598397
779,-0.034482758620689655,0.007407407407407408,-0.37093647668003854,0.016609095970747997
780,-0.011494252873563218,-0.022222222222222223,-0.4429092258866132,0.11626367179523596
781,0.06666666666666667,-0.022222222222222223,-0.29342736214988124,-0.11626367179523596
782,0.07126436781609195,0.05185185185185185,0.06090001855940932,0.016609095970747997
783,-0.10344827586206896,-0.06666666666666667,-0.3211091887677946,0.19930915164897595
784,0.06666666666666667,0.2,-0.3155728234442119,0.23252734359047192
785,0.04367816091954023,0.05185185185185185,-0.13287276776598397,-0.01107273064716533
786,0.06206896551724138,0.1259259259259259,-0.3820092073272039,0.1439454984131493
787,0.09425287356321839,0.14074074074074075,-0.1107273064716533,0.005536365323582665
788,0.02528735632183908,0.037037037037037035,-0.016609095970747997,-0.17716369035464527
789,-0.016091954022988506,0.06666666666666667,-0.19377278632539327,-0.06090001855940932
790,0.18620689655172415,0.0962962962962963,-0.07750911453015731,-0.19930915164897595
791,0.11264367816091954,0.15555555555555556,-0.4263001299158652,0.19377278632539327
792,-0.2367816091954023,-0.18518518518518517,-0.38754557265078654,0.3045000927970466
793,0.08045977011494253,0.06666666666666667,-0.2989637274734639,-0.005536365323582665
794,-0.0022988505747126436,-0.037037037037037035,-0.21038188229614127,-0.02214546129433066
795,0.05747126436781609,-0.17037037037037037,-0.4429092258866132,-0.07750911453015731
796,0.19540229885057472,0.08148148148148149,-0.37647284200362124,-0.17162732503106262
797,0.11724137931034483,0.15555555555555556,-0.44844559121019584,-0.1439454984131493
798,-0.08045977011494253,-0.06666666666666667,-0.26020917020838524,0.06643638388299199
799,-0.07126436781609195,0.007407407407407408,-0.32664555409137724,0.22699097826688927
800,-0.15862068965517243,-0.1259259259259259,0.04429092258866132,0.12180003711881864
801,-0.3563218390804598,-0.2740740740740741,-0.18270005567822795,0.2214546129433066
802,0.12643678160919541,0.2,-0.35986374603287324,0.04982728791224399
803,0.016091954022988506,0.022222222222222223,-0.13287276776598397,-0.02214546129433066
804,0.20919540229885059,0.15555555555555556,-0.2546728048848026,0.005536365323582665
805,0.23218390804597702,0.25925925925925924,-0.4318364952394479,-0.016609095970747997
806,-0.052873563218390804,-0.08148148148148149,-0.2214546129433066,-0.04429092258866132
807,-0.0896551724137931,-0.05185185185185185,-0.35432738070929054,0.07750911453015731
808,0.09425287356321839,0.0962962962962963,-0.19377278632539327,0.2048455169725586
809,-0.30114942528735633,-0.31851851851851853,-0.3487910153857079,0.016609095970747997
810,-0.016091954022988506,-0.05185185185185185,-0.5370274363875185,0.038754557265078655
811,0.04367816091954023,-0.05185185185185185,-0.5481001670346838,-0.05536365323582665
812,0.020689655172413793,-0.0962962962962963,-0.4096910339451172,-0.1605545943838973
813,-0.30114942528735633,-0.25925925925925924,-0.18823642100181062,0.09965457582448797
814,-0.0022988505747126436,-0.14074074074074075,-0.5148819750931879,-0.02214546129433066
815,-0.05747126436781609,0.06666666666666667,-0.43737286056303054,0.18823642100181062
816,-0.18620689655172415,-0.18518518518518517,-0.5370274363875185,0.13840913308956662
817,0.135632183908046,0.2,-0.1439454984131493,0.27681826617913324
818,0.0022988505747126436,0.06666666666666667,-0.26574553553196795,0.16609095970747995
819,0.08045977011494253,0.037037037037037035,-0.21591824761972395,0.02214546129433066
820,-0.052873563218390804,-0.037037037037037035,-0.2878909968262986,0.07197274920657465
821,0.08505747126436781,0.1259259259259259,-0.2546728048848026,-0.2214546129433066
822,-0.14482758620689656,-0.05185185185185185,-0.32664555409137724,0.11626367179523596
823,-0.04367816091954023,0.022222222222222223,-0.31003645812062924,0.13840913308956662
824,-0.12643678160919541,-0.05185185185185185,-0.33771828473854254,0.11626367179523596
825,-0.19540229885057472,-0.14074074074074075,-0.19377278632539327,0.27681826617913324
826,0.17701149425287357,0.14074074074074075,-0.14948186373673195,0.02214546129433066
827,0.135632183908046,0.17037037037037037,-0.24360007423763727,-0.08858184517732264
828,-0.029885057471264367,-0.037037037037037035,-0.4429092258866132,-0.09965457582448797
829,0.2827586206896552,0.4222222222222222,-0.2048455169725586,0.16609095970747995
830,-0.029885057471264367,-0.1111111111111111,-0.24913643956121992,-0.2878909968262986
831,-0.02528735632183908,-0.007407407407407408,-0.24360007423763727,-0.06090001855940932
832,0.12643678160919541,0.05185185185185185,-0.1107273064716533,-0.18823642100181062
833,-0.052873563218390804,-0.06666666666666667,-0.11626367179523596,-0.17716369035464527
834,-0.2367816091954023,-0.24444444444444444,0.0,-0.016609095970747997
835,-0.034482758620689655,-0.1111111111111111,-0.4927365137988572,-0.09411821050090531
836,-0.10344827586206896,-0.022222222222222223,-0.44844559121019584,0.21038188229614127
837,0.016091954022988506,-0.1111111111111111,-0.3986183032979519,-0.1605545943838973
838,-0.11264367816091954,-0.1259259259259259,-0.3211091887677946,0.01107273064716533
839,0.05747126436781609,0.022222222222222223,-0.24913643956121992,-0.01107273064716533
840,-0.1310344827586207,-0.15555555555555556,-0.1439454984131493,-0.1107273064716533
841,-0.2413793103448276,-0.34814814814814815,-0.2380637089140546,0.24360007423763727
842,0.3563218390804598,0.31851851851851853,-0.1107273064716533,-0.06643638388299199
843,0.052873563218390804,0.08148148148148149,-0.4318364952394479,0.02214546129433066
844,0.10804597701149425,0.05185185185185185,-0.37093647668003854,-0.005536365323582665
845,-0.020689655172413793,0.007407407407407408,-0.6422183775355892,0.027681826617913324
846,0.011494252873563218,-0.007407407407407408,-0.15501822906031462,0.09411821050090531
847,-0.17701149425287357,-0.28888888888888886,-0.46505468718094384,-0.04982728791224399
848,-0.18160919540229886,-0.15555555555555556,-0.4096910339451172,0.1273364024424013
849,0.10344827586206896,0.0962962962962963,-0.42076376459228254,-0.06643638388299199
850,0.03908045977011494,0.08148148148148149,-0.1439454984131493,0.18270005567822795
851,0.020689655172413793,0.05185185185185185,-0.26574553553196795,0.17162732503106262
852,-0.20919540229885059,-0.31851851851851853,-0.13287276776598397,-0.05536365323582665
853,0.07586206896551724,0.022222222222222223,-0.2380637089140546,-0.06643638388299199
854,-0.11264367816091954,-0.2,-0.3321819194149599,0.027681826617913324
855,-0.006896551724137931,0.037037037037037035,-0.3654001113564559,-0.05536365323582665
856,-0.12183908045977011,-0.0962962962962963,-0.2048455169725586,0.016609095970747997
857,-0.052873563218390804,0.022222222222222223,-0.2048455169725586,0.07750911453015731
858,-0.10344827586206896,-0.037037037037037035,-0.5148819750931879,0.13840913308956662
859,0.0896551724137931,0.05185185185185185,-0.23252734359047192,-0.1107273064716533
860,-0.27816091954022987,-0.14074074074074075,-0.21038188229614127,0.2380637089140546
861,-0.016091954022988506,0.24444444444444444,-0.4263001299158652,0.26020917020838524
862,-0.1724137931034483,-0.22962962962962963,-0.18823642100181062,-0.03321819194149599
863,0.11264367816091954,0.17037037037037037,-0.2380637089140546,0.04429092258866132
864,-0.08045977011494253,-0.022222222222222223,-0.2712819008555506,0.2712819008555506
865,-0.05747126436781609,-0.037037037037037035,-0.45398195653377854,0.01107273064716533
866,0.14022988505747128,0.17037037037037037,-0.4096910339451172,-0.027681826617913324
867,0.15402298850574714,0.007407407407407408,-0.26020917020838524,-0.31003645812062924
868,0.020689655172413793,-0.007407407407407408,-0.12180003711881864,0.14948186373673195
869,-0.11264367816091954,-0.14074074074074075,-0.26574553553196795,0.027681826617913324
870,0.12183908045977011,0.21481481481481482,-0.5038092444460225,0.005536365323582665
871,0.07586206896551724,0.06666666666666667,-0.3930819379743692,-0.07197274920657465
872,0.22758620689655173,0.22962962962962963,-0.4318364952394479,-0.1107273064716533
873,-0.07586206896551724,-0.1111111111111111,-0.23252734359047192,0.04982728791224399
874,-0.020689655172413793,-0.05185185185185185,-0.3155728234442119,-0.06643638388299199
875,-0.09425287356321839,-0.007407407407407408,-0.34325465006212524,0.0
876,0.07126436781609195,0.037037037037037035,-0.35432738070929054,0.06090001855940932
877,-0.11264367816091954,-0.08148148148148149,-0.08858184517732264,-0.08304547985373997
878,0.04367816091954023,0.037037037037037035,-0.1107273064716533,-0.09411821050090531
879,0.24597701149425288,0.362962962962963,-0.40415466862153454,-0.04429092258866132
880,-0.034482758620689655,-0.06666666666666667,-0.48720014847527454,0.005536365323582665
881,-0.1632183908045977,-0.15555555555555556,-0.5093456097696052,0.14948186373673195
882,-0.12183908045977011,-0.2,-0.3211091887677946,-0.027681826617913324
883,-0.14942528735632185,-0.14074074074074075,-0.4761274178281092,0.3045000927970466
884,0.10344827586206896,0.15555555555555556,-0.09965457582448797,0.1107273064716533
885,0.0896551724137931,0.17037037037037037,-0.45398195653377854,0.02214546129433066
886,0.1632183908045977,0.08148148148148149,0.005536365323582665,-0.11626367179523596
887,0.09885057471264368,0.08148148148148149,-0.18823642100181062,0.12180003711881864
888,-0.08045977011494253,-0.0962962962962963,-0.07750911453015731,0.3930819379743692
889,0.029885057471264367,0.037037037037037035,-0.18823642100181062,-0.04429092258866132
890,-0.08045977011494253,-0.007407407407407408,-0.3654001113564559,0.10519094114807064
891,0.1632183908045977,0.08148148148148149,-0.47059105250452654,-0.22699097826688927
892,0.14482758620689656,0.17037037037037037,-0.3321819194149599,-0.08858184517732264
893,-0.06206896551724138,-0.007407407407407408,-0.1605545943838973,-0.08858184517732264
894,0.15862068965517243,0.1259259259259259,-0.5314910710639359,-0.18823642100181062
895,0.08045977011494253,0.0962962962962963,-0.5591728976818492,-0.04429092258866132
896,-0.034482758620689655,0.05185185185185185,-0.22699097826688927,0.17716369035464527
897,-0.23218390804597702,-0.24444444444444444,-0.26574553553196795,0.06643638388299199
898,-0.006896551724137931,0.022222222222222223,-0.06643638388299199,0.09411821050090531
899,0.06666666666666667,-0.007407407407407408,-0.4318364952394479,0.027681826617913324
900,0.03908045977011494,0.14074074074074075,-0.3321819194149599,0.19377278632539327
901,0.02528735632183908,-0.05185185185185185,-0.3487910153857079,-0.1439454984131493
902,0.011494252873563218,0.037037037037037035,-0.4927365137988572,0.04982728791224399
903,-0.135632183908046,0.05185185185185185,-0.3155728234442119,0.12180003711881864
904,-0.0896551724137931,-0.05185185185185185,-0.3654001113564559,-0.13287276776598397
905,0.08045977011494253,0.06666666666666667,-0.5204183404167705,-0.1605545943838973
906,0.14482758620689656,0.1259259259259259,-0.37647284200362124,-0.06090001855940932
907,0.10344827586206896,0.037037037037037035,-0.35986374603287324,-0.1605545943838973
908,-0.02528735632183908,-0.1259259259259259,-0.3045000927970466,-0.13287276776598397
909,-0.167816091954023,-0.3037037037037037,-0.1605545943838973,0.07197274920657465
910,0.08045977011494253,0.2,-0.15501822906031462,-0.04429092258866132
911,0.1632183908045977,0.362962962962963,-0.5536365323582665,0.09411821050090531
912,0.10804597701149425,0.06666666666666667,-0.2989637274734639,-0.1273364024424013
913,0.19080459770114944,0.14074074074074075,-0.42076376459228254,-0.07750911453015731
914,-0.14022988505747128,-0.08148148148148149,-0.33771828473854254,0.13287276776598397
915,0.20919540229885059,0.18518518518518517,-0.5425638017111012,-0.13840913308956662
916,-0.22298850574712645,-0.1259259259259259,-0.31003645812062924,0.07750911453015731
917,-0.04827586206896552,-0.06666666666666667,-0.4263001299158652,0.1273364024424013
918,-0.05747126436781609,-0.17037037037037037,-0.5757819936525972,0.038754557265078655
919,-0.31494252873563217,-0.21481481481481482,-0.2214546129433066,0.3321819194149599
920,0.07126436781609195,-0.022222222222222223,-0.24913643956121992,-0.17716369035464527
921,0.21839080459770116,0.14074074074074075,-0.2214546129433066,-0.12180003711881864
922,-0.006896551724137931,-0.007407407407407408,-0.5093456097696052,0.027681826617913324
923,0.2045977011494253,0.17037037037037037,-0.42076376459228254,-0.10519094114807064
924,0.03908045977011494,0.022222222222222223,-0.4318364952394479,0.016609095970747997
925,0.034482758620689655,0.05185185185185185,-0.32664555409137724,-0.027681826617913324
926,0.11724137931034483,0.2,-0.3045000927970466,0.038754557265078655
927,0.23218390804597702,0.25925925925925924,-0.18270005567822795,0.06643638388299199
928,0.06206896551724138,0.0962962962962963,-0.6366820122120065,-0.01107273064716533
929,0.04367816091954023,0.007407407407407408,-0.47059105250452654,-0.06643638388299199
930,0.167816091954023,0.08148148148148149,-0.34325465006212524,-0.1273364024424013
931,0.029885057471264367,-0.022222222222222223,-0.35986374603287324,-0.06090001855940932
932,0.06666666666666667,0.05185185185185185,-0.33771828473854254,-0.07750911453015731
933,0.27816091954022987,0.1259259259259259,-0.40415466862153454,-0.14948186373673195
934,-0.04367816091954023,0.1259259259259259,-0.29342736214988124,0.10519094114807064
935,0.034482758620689655,-0.037037037037037035,-0.47059105250452654,-0.1605545943838973
936,0.07126436781609195,0.06666666666666667,-0.16609095970747995,0.09411821050090531
937,0.05747126436781609,0.1111111111111111,-0.23252734359047192,-0.11626367179523596
938,0.09425287356321839,0.037037037037037035,-0.21038188229614127,-0.02214546129433066
939,0.06206896551724138,0.1111111111111111,-0.07197274920657465,0.19377278632539327
940,0.006896551724137931,0.18518518518518517,-0.2546728048848026,-0.038754557265078655
941,0.1632183908045977,0.17037037037037037,-0.1439454984131493,0.09965457582448797
942,-0.03908045977011494,0.022222222222222223,-0.2214546129433066,0.3986183032979519
943,-0.03908045977011494,-0.06666666666666667,-0.37093647668003854,-0.005536365323582665
944,0.06666666666666667,0.21481481481481482,-0.37093647668003854,0.1273364024424013
945,-0.2413793103448276,-0.2,-0.3045000927970466,0.23252734359047192
946,0.12643678160919541,-0.007407407407407408,-0.33771828473854254,-0.10519094114807064
947,-0.03908045977011494,-0.007407407407407408,-0.2380637089140546,-0.13840913308956662
948,-0.029885057471264367,-0.05185185185185185,-0.48720014847527454,0.11626367179523596
949,0.06206896551724138,0.06666666666666667,-0.5314910710639359,-0.10519094114807064
950,0.0022988505747126436,-0.05185185185185185,-0.3045000927970466,-0.07197274920657465
951,0.18160919540229886,0.2,-0.4096910339451172,-0.09965457582448797
952,-0.0022988505747126436,0.037037037037037035,-0.5038092444460225,-0.03321819194149599
953,-0.011494252873563218,-0.022222222222222223,-0.3487910153857079,-0.07750911453015731
954,0.10804597701149425,0.08148148148148149,-0.5591728976818492,-0.06090001855940932
955,0.006896551724137931,-0.022222222222222223,-0.19377278632539327,-0.06643638388299199
956,-0.11724137931034483,-0.18518518518518517,-0.23252734359047192,-0.04982728791224399
957,0.029885057471264367,-0.022222222222222223,-0.33771828473854254,-0.13840913308956662
958,0.09885057471264368,0.007407407407407408,-0.35432738070929054,0.10519094114807064
959,-0.15862068965517243,-0.18518518518518517,-0.2546728048848026,-0.16609095970747995
960,-0.21379310344827587,-0.2,-0.4595183218573612,0.06643638388299199
961,0.0022988505747126436,-0.14074074074074075,-0.27681826617913324,-0.09965457582448797
962,-0.15862068965517243,-0.0962962962962963,-0.5038092444460225,0.1273364024424013
963,0.26436781609195403,0.25925925925925924,-0.21038188229614127,-0.05536365323582665
964,-0.10804597701149425,-0.2,-0.48166378315169184,0.1273364024424013
965,-0.2367816091954023,-0.3333333333333333,-0.13840913308956662,0.02214546129433066
966,0.03908045977011494,-0.06666666666666667,-0.42076376459228254,-0.13840913308956662
967,-0.12183908045977011,-0.06666666666666667,-0.4318364952394479,0.05536365323582665
968,0.05747126436781609,0.15555555555555556,-0.6200729162412585,0.0
969,-0.2597701149425287,-0.24444444444444444,-0.35986374603287324,0.18270005567822795
970,0.25057471264367814,0.362962962962963,-0.35986374603287324,-0.08304547985373997
971,0.14022988505747128,0.14074074074074075,-0.3045000927970466,0.05536365323582665
972,0.02528735632183908,0.05185185185185185,-0.29342736214988124,0.1273364024424013
973,0.016091954022988506,0.06666666666666667,-0.4761274178281092,0.016609095970747997
974,-0.016091954022988506,-0.037037037037037035,-0.5093456097696052,-0.07197274920657465
975,-0.04827586206896552,-0.1259259259259259,-0.44844559121019584,-0.13840913308956662
976,0.006896551724137931,-0.007407407407407408,-0.38754557265078654,0.08858184517732264
977,0.09885057471264368,0.08148148148148149,-0.1107273064716533,0.03321819194149599
978,-0.006896551724137931,-0.05185185185185185,-0.5038092444460225,0.038754557265078655
979,-0.05747126436781609,-0.007407407407407408,-0.31003645812062924,-0.04429092258866132
980,-0.08505747126436781,-0.2,-0.13840913308956662,-0.2546728048848026
981,0.07586206896551724,0.0962962962962963,-0.43737286056303054,-0.016609095970747997
982,0.08505747126436781,0.037037037037037035,-0.4595183218573612,-0.04982728791224399
983,-0.06666666666666667,-0.007407407407407408,-0.47059105250452654,0.1605545943838973
984,-0.17701149425287357,-0.05185185185185185,-0.5481001670346838,0.12180003711881864
985,0.02528735632183908,0.06666666666666667,-0.24913643956121992,0.15501822906031462
986,-0.0896551724137931,-0.05185185185185185,-0.4263001299158652,0.04982728791224399
987,-0.006896551724137931,-0.05185185185185185,-0.2214546129433066,0.02214546129433066
988,-0.0896551724137931,-0.1111111111111111,-0.4761274178281092,0.02214546129433066
989,-0.17701149425287357,-0.15555555555555556,-0.4429092258866132,0.17716369035464527
990,0.08505747126436781,-0.007407407407407408,-0.005536365323582665,-0.19930915164897595
991,-0.09425287356321839,-0.06666666666666667,-0.11626367179523596,0.32664555409137724
992,-0.12643678160919541,-0.05185185185185185,-0.17716369035464527,0.18823642100181062
993,0.11264367816091954,0.1259259259259259,-0.33771828473854254,-0.016609095970747997
994,0.020689655172413793,0.17037037037037037,-0.4927365137988572,0.06643638388299199
995,0.02528735632183908,-0.007407407407407408,-0.1439454984131493,-0.19930915164897595
996,-0.2827586206896552,-0.21481481481481482,-0.5370274363875185,0.3654001113564559
997,-0.08045977011494253,-0.037037037037037035,-0.10519094114807064,0.0
998,0.04827586206896552,0.022222222222222223,-0.2878909968262986,-0.11626367179523596
999,0.10344827586206896,-0.007407407407407408,-0.46505468718094384,-0.09411821050090531
1000,-0.27816091954022987,-0.2740740740740741,-0.31003645812062924,0.08858184517732264
